id,firstname,surname,born,died,bornCountry,bornCountryCode,bornCity,diedCountry,diedCountryCode,diedCity,gender,year,category,overallMotivation,share,motivation,name,city,country
846,Elinor,Ostrom,8/7/1933,6/12/2012,USA,US,"Los Angeles, CA",USA,US,"Bloomington, IN",female,2009,economics,,2,"""for her analysis of economic governance, especially the commons""",Indiana University,"Bloomington, IN",USA
846,Elinor,Ostrom,8/7/1933,6/12/2012,USA,US,"Los Angeles, CA",USA,US,"Bloomington, IN",female,2009,economics,,2,"""for her analysis of economic governance, especially the commons""",Arizona State University,"Tempe, AZ",USA
428,Barbara,McClintock,6/16/1902,9/2/1992,USA,US,"Hartford, CT",USA,US,"Huntington, NY",female,1983,medicine,,1,"""for her discovery of mobile genetic elements""",Cold Spring Harbor Laboratory,"Cold Spring Harbor, NY",USA
413,Rosalyn,Yalow,7/19/1921,5/30/2011,USA,US,"New York, NY",USA,US,"New York, NY",female,1977,medicine,,2,"""for the development of radioimmunoassays of peptide hormones""",Veterans Administration Hospital,"Bronx, NY",USA
836,Carol W.,Greider,4/15/1961,0000-00-00,USA,US,"San Diego, CA",,,,female,2009,medicine,,3,"""for the discovery of how chromosomes are protected by telomeres and the enzyme telomerase""",Johns Hopkins University School of Medicine,"Baltimore, MD",USA
835,Elizabeth H.,Blackburn,11/26/1948,0000-00-00,Australia,AU,"Hobart, Tasmania",,,,female,2009,medicine,,3,"""for the discovery of how chromosomes are protected by telomeres and the enzyme telomerase""",University of California,"San Francisco, CA",USA
79,Maria,Goeppert Mayer,6/28/1906,2/20/1972,Germany (now Poland),PL,Kattowitz (now Katowice),USA,US,"San Diego, CA",female,1963,physics,,4,"""for their discoveries concerning nuclear shell structure""",University of California,"La Jolla, CA",USA
438,Gertrude B.,Elion,1/23/1918,2/21/1999,USA,US,"New York, NY",USA,US,"Chapel Hill, NC",female,1988,medicine,,3,"""for their discoveries of important principles for drug treatment""",Wellcome Research Laboratories,"Research Triangle Park, NC",USA
775,Linda B.,Buck,1/29/1947,0000-00-00,USA,US,"Seattle, WA",,,,female,2004,medicine,,2,"""for their discoveries of odorant receptors and the organization of the olfactory system""",Fred Hutchinson Cancer Research Center,"Seattle, WA",USA
344,Gerty Theresa,"Cori, n_e Radnitz",08/15/1896,10/26/1957,Austria-Hungary (now Czech Republic),CZ,Prague,USA,US,"St. Louis, MO",female,1947,medicine,,4,"""for their discovery of the course of the catalytic conversion of glycogen""",Washington University,"St. Louis, MO",USA
717,Robert C.,Merton,7/31/1944,0000-00-00,USA,US,"New York, NY",,,,male,1997,economics,,2,"""for a new method to determine the value of derivatives""",Harvard University,"Cambridge, MA",USA
718,Myron S.,Scholes,7/1/1941,0000-00-00,Canada,CA,"Timmins, ON",,,,male,1997,economics,,2,"""for a new method to determine the value of derivatives""",Long Term Capital Management,"Greenwich, CT",USA
727,Herbert,Kroemer,8/25/1928,0000-00-00,Germany,DE,Weimar,,,,male,2000,physics,"""for basic work on information and communication technology""",4,"""for developing semiconductor heterostructures used in high-speed- and opto-electronics""",University of California,"Santa Barbara, CA",USA
154,William D.,Phillips,11/5/1948,0000-00-00,USA,US,"Wilkes-Barre, PA",,,,male,1997,physics,,3,"""for development of methods to cool and trap atoms with laser light""",National Institute of Standards and Technology,"Gaithersburg, MD",USA
152,Steven,Chu,2/28/1948,0000-00-00,USA,US,"St. Louis, MO",,,,male,1997,physics,,3,"""for development of methods to cool and trap atoms with laser light""",Stanford University,"Stanford, CA",USA
81,Charles Hard,Townes,7/28/1915,1/27/2015,USA,US,"Greenville, SC",USA,US,"Berkeley, CA",male,1964,physics,,2,"""for fundamental work in the field of quantum electronics, which has led to the construction of oscillators and amplifiers based on the maser-laser principle""",Massachusetts Institute of Technology (MIT),"Cambridge, MA",USA
877,David J.,Wineland,2/24/1944,0000-00-00,USA,US,"Milwaukee, WI",,,,male,2012,physics,,2,"""for ground-breaking experimental methods that enable measuring and manipulation of individual quantum systems""",National Institute of Standards and Technology,"Boulder, CO",USA
877,David J.,Wineland,2/24/1944,0000-00-00,USA,US,"Milwaukee, WI",,,,male,2012,physics,,2,"""for ground-breaking experimental methods that enable measuring and manipulation of individual quantum systems""",University of Colorado,"Boulder, CO",USA
714,Robert E.,Lucas Jr.,9/15/1937,0000-00-00,USA,US,"Yakima, WA",,,,male,1995,economics,,1,"""for having developed and applied the hypothesis of rational expectations, and thereby having transformed macroeconomic analysis and deepened our understanding of economic policy""",University of Chicago,"Chicago, IL",USA
800,Thomas C.,Schelling,4/14/1921,0000-00-00,USA,US,"Oakland, CA",,,,male,2005,economics,,2,"""for having enhanced our understanding of conflict and cooperation through game-theory analysis""","University of Maryland, Department of Economics and School of Public Policy","College Park, MD",USA
760,Vernon L.,Smith,1/1/1927,0000-00-00,USA,US,"Wichita, KS",,,,male,2002,economics,,2,"""for having established laboratory experiments as a tool in empirical economic analysis, especially in the study of alternative market mechanisms""",George Mason University,"Fairfax, VA",USA
708,Gary S.,Becker,12/2/1930,5/3/2014,USA,US,"Pottsville, PA",USA,US,"Chicago, IL",male,1992,economics,,1,"""for having extended the domain of microeconomic analysis to a wide range of human behaviour and interaction, including nonmarket behaviour""",University of Chicago,"Chicago, IL",USA
697,Gerard,Debreu,7/4/1921,12/31/2004,France,FR,Calais,France,FR,Paris,male,1983,economics,,1,"""for having incorporated new analytical methods into economic theory and for his rigorous reformulation of the theory of general equilibrium""",University of California,"Berkeley, CA",USA
759,Daniel,Kahneman,3/5/1934,0000-00-00,British Mandate of Palestine (now Israel),IL,Tel Aviv,,,,male,2002,economics,,2,"""for having integrated insights from psychological research into economic science, especially concerning human judgment and decision-making under uncertainty""",Princeton University,"Princeton, NJ",USA
822,Roger B.,Myerson,3/29/1951,0000-00-00,USA,US,"Boston, MA",,,,male,2007,economics,,3,"""for having laid the foundations of mechanism design theory""",University of Chicago,"Chicago, IL",USA
820,Leonid,Hurwicz,8/21/1917,6/24/2008,Russia,RU,Moscow,USA,US,"Minneapolis, MN",male,2007,economics,,3,"""for having laid the foundations of mechanism design theory""",University of Minnesota,"Minneapolis, MN",USA
821,Eric S.,Maskin,12/12/1950,0000-00-00,USA,US,"New York, NY",,,,male,2007,economics,,3,"""for having laid the foundations of mechanism design theory""",Institute for Advanced Study,"Princeton, NJ",USA
709,Robert W.,Fogel,7/1/1927,6/11/2013,USA,US,"New York, NY",USA,US,"Oak Lawn, IL",male,1993,economics,,2,"""for having renewed research in economic history by applying economic theory and quantitative methods in order to explain economic and institutional change""",University of Chicago,"Chicago, IL",USA
710,Douglass C.,North,11/5/1920,11/23/2015,USA,US,"Cambridge, MA",USA,US,"Benzonia, MI",male,1993,economics,,2,"""for having renewed research in economic history by applying economic theory and quantitative methods in order to explain economic and institutional change""",Washington University,"St. Louis, MO",USA
688,Milton,Friedman,7/31/1912,11/16/2006,USA,US,"Brooklyn, NY",USA,US,"San Francisco, CA",male,1976,economics,,1,"""for his achievements in the fields of consumption analysis, monetary history and theory and for his demonstration of the complexity of stabilization policy""",University of Chicago,"Chicago, IL",USA
926,Angus,Deaton,10/19/1945,0000-00-00,United Kingdom,GB,Edinburgh,,,,male,2015,economics,,1,"""for his analysis of consumption, poverty, and welfare""",Princeton University,"Princeton, NJ",USA
847,Oliver E.,Williamson,9/27/1932,0000-00-00,USA,US,"Superior, WI",,,,male,2009,economics,,2,"""for his analysis of economic governance, especially the boundaries of the firm""",University of California,"Berkeley, CA",USA
695,James,Tobin,3/5/1918,3/11/2002,USA,US,"Champaign, IL",USA,US,"New Haven, CT",male,1981,economics,,1,"""for his analysis of financial markets and their relations to expenditure decisions, employment, production and prices""",Yale University,"New Haven, CT",USA
807,Edmund S.,Phelps,7/26/1933,0000-00-00,USA,US,"Evanston, IL",,,,male,2006,economics,,1,"""for his analysis of intertemporal tradeoffs in macroeconomic policy""",Columbia University,"New York, NY",USA
720,Robert A.,Mundell,10/24/1932,0000-00-00,Canada,CA,"Kingston, ON",,,,male,1999,economics,,1,"""for his analysis of monetary and fiscal policy under different exchange rate regimes and his analysis of optimum currency areas""",Columbia University,"New York, NY",USA
834,Paul,Krugman,2/28/1953,0000-00-00,USA,US,"New York, NY",,,,male,2008,economics,,1,"""for his analysis of trade patterns and location of economic activity""",Princeton University,"Princeton, NJ",USA
280,George A.,Olah,5/22/1927,0000-00-00,Hungary,HU,Budapest,,,,male,1994,chemistry,,1,"""for his contribution to carbocation chemistry""",University of Southern California,"Los Angeles, CA",USA
48,Otto,Stern,02/17/1888,8/17/1969,Germany (now Poland),PL,Sorau (now Zory),USA,US,"Berkeley, CA",male,1943,physics,,1,"""for his contribution to the development of the molecular ray method and his discovery of the magnetic moment of the proton""",Carnegie Institute of Technology,"Pittsburgh, PA",USA
791,Roy J.,Glauber,9/1/1925,0000-00-00,USA,US,"New York, NY",,,,male,2005,physics,,2,"""for his contribution to the quantum theory of optical coherence""",Harvard University,"Cambridge, MA",USA
90,Murray,Gell-Mann,9/15/1929,0000-00-00,USA,US,"New York, NY",,,,male,1969,physics,,1,"""for his contributions and discoveries concerning the classification of elementary particles and their interactions""",California Institute of Technology (Caltech),"Pasadena, CA",USA
209,William Francis,Giauque,05/12/1895,3/28/1982,Canada,CA,Niagara Falls,USA,US,"Berkeley, CA",male,1949,chemistry,,1,"""for his contributions in the field of chemical thermodynamics, particularly concerning the behaviour of substances at extremely low temperatures""",University of California,"Berkeley, CA",USA
250,Ilya,Prigogine,1/25/1917,5/28/2003,Russia,RU,Moscow,Belgium,BE,Brussels,male,1977,chemistry,,1,"""for his contributions to non-equilibrium thermodynamics, particularly the theory of dissipative structures""",University of Texas,"Austin, TX",USA
701,Robert M.,Solow,8/23/1924,0000-00-00,USA,US,"Brooklyn, NY",,,,male,1987,economics,,1,"""for his contributions to the theory of economic growth""",Massachusetts Institute of Technology (MIT),"Cambridge, MA",USA
277,Rudolph A.,Marcus,7/21/1923,0000-00-00,Canada,CA,Montreal,,,,male,1992,chemistry,,1,"""for his contributions to the theory of electron transfer reactions in chemical systems""",California Institute of Technology (Caltech),"Pasadena, CA",USA
88,Hans Albrecht,Bethe,7/2/1906,3/6/2005,Germany (now France),FR,Strassburg (now Strasbourg),USA,US,"Ithaca, NY",male,1967,physics,,1,"""for his contributions to the theory of nuclear reactions, especially his discoveries concerning the energy production in stars""",Cornell University,"Ithaca, NY",USA
78,Eugene Paul,Wigner,11/17/1902,1/1/1995,Austria-Hungary (now Hungary),HU,Budapest,USA,US,"Princeton, NJ",male,1963,physics,,2,"""for his contributions to the theory of the atomic nucleus and the elementary particles, particularly through the discovery and application of fundamental symmetry principles""",Princeton University,"Princeton, NJ",USA
89,Luis Walter,Alvarez,6/13/1911,9/1/1988,USA,US,"San Francisco, CA",USA,US,"Berkeley, CA",male,1968,physics,,1,"""for his decisive contributions to elementary particle physics, in particular the discovery of a large number of resonance states, made possible through his development of the technique of using hydrogen bubble chamber and data analysis""",University of California,"Berkeley, CA",USA
291,John A.,Pople,10/31/1925,3/15/2004,United Kingdom,GB,Burnham-on-Sea,USA,US,"Chicago, IL",male,1998,chemistry,,2,"""for his development of computational methods in quantum chemistry""",Northwestern University,"Evanston, IL",USA
261,Robert Bruce,Merrifield,7/15/1921,5/14/2006,USA,US,"Fort Worth, TX",USA,US,"Cresskill, NJ",male,1984,chemistry,,1,"""for his development of methodology for chemical synthesis on a solid matrix""",Rockefeller University,"New York, NY",USA
758,Kurt,W���thrich,10/4/1938,0000-00-00,Switzerland,CH,Aarberg,,,,male,2002,chemistry,"""for the development of methods for identification and structure analyses of biological macromolecules""",2,"""for his development of nuclear magnetic resonance spectroscopy for determining the three-dimensional structure of biological macromolecules in solution""",The Scripps Research Institute,"La Jolla, CA",USA
700,James M.,Buchanan Jr.,10/3/1919,1/9/2013,USA,US,"Murfreesboro, TN",USA,US,"Blacksburg, VA",male,1986,economics,,1,"""for his development of the contractual and constitutional bases for the theory of economic and political decision-making""",Center for Study of Public Choice,"Fairfax, VA",USA
290,Walter,Kohn,3/9/1923,4/19/2016,Austria,AT,Vienna,USA,US,"Santa Barbara, CA",male,1998,chemistry,,2,"""for his development of the density-functional theory""",University of California,"Santa Barbara, CA",USA
275,Elias James,Corey,7/12/1928,0000-00-00,USA,US,"Methuen, MA",,,,male,1990,chemistry,,1,"""for his development of the theory and methodology of organic synthesis""",Harvard University,"Cambridge, MA",USA
733,Daniel L.,McFadden,7/29/1937,0000-00-00,USA,US,"Raleigh, NC",,,,male,2000,economics,,2,"""for his development of theory and methods for analyzing discrete choice""",University of California,"Berkeley, CA",USA
732,James J.,Heckman,4/19/1944,0000-00-00,USA,US,"Chicago, IL",,,,male,2000,economics,,2,"""for his development of theory and methods for analyzing selective samples""",University of Chicago,"Chicago, IL",USA
191,Irving,Langmuir,01/31/1881,8/16/1957,USA,US,"Brooklyn, NY",USA,US,"Falmouth, MA",male,1932,chemistry,,1,"""for his discoveries and investigations in surface chemistry""",General Electric Company,"Schenectady, NY",USA
366,Joshua,Lederberg,5/23/1925,2/2/2008,USA,US,"Montclair, NJ",USA,US,"New York, NY",male,1958,medicine,,2,"""for his discoveries concerning genetic recombination and the organization of the genetic material of bacteria""",University of Wisconsin,"Madison, WI",USA
384,Charles Brenton,Huggins,9/22/1901,1/12/1997,Canada,CA,Halifax,USA,US,"Chicago, IL",male,1966,medicine,,2,"""for his discoveries concerning hormonal treatment of prostatic cancer""","University of Chicago, Ben May Laboratory for Cancer Research","Chicago, IL",USA
63,Willis Eugene,Lamb,7/12/1913,5/15/2008,USA,US,"Los Angeles, CA",USA,US,"Tucson, AZ",male,1955,physics,,2,"""for his discoveries concerning the fine structure of the hydrogen spectrum""",Stanford University,"Stanford, CA",USA
422,Roger W.,Sperry,8/19/1913,4/17/1994,USA,US,"Hartford, CT",USA,US,"Pasadena, CA",male,1981,medicine,,2,"""for his discoveries concerning the functional specialization of the cerebral hemispheres""",California Institute of Technology (Caltech),"Pasadena, CA",USA
397,Earl W.,"Sutherland, Jr.",11/19/1915,3/9/1974,USA,US,"Burlingame, KS",USA,US,"Miami, FL",male,1971,medicine,,1,"""for his discoveries concerning the mechanisms of the action of hormones""",Vanderbilt University,"Nashville, TN",USA
325,Thomas Hunt,Morgan,09/25/1866,12/4/1945,USA,US,"Lexington, KY",USA,US,"Pasadena, CA",male,1933,medicine,,1,"""for his discoveries concerning the role played by the chromosome in heredity""",California Institute of Technology (Caltech),"Pasadena, CA",USA
352,Max,Theiler,01/30/1899,8/11/1972,South Africa,ZA,Pretoria,USA,US,"New Haven, CT",male,1951,medicine,,1,"""for his discoveries concerning yellow fever and how to combat it""","Laboratories of the Division of Medicine and Public Health, Rockefeller Foundation","New York, NY",USA
371,Georg,von B_k_sy,06/03/1899,6/13/1972,Hungary,HU,Budapest,USA,US,"Honolulu, HI",male,1961,medicine,,1,"""for his discoveries of the physical mechanism of stimulation within the cochlea""",Harvard University,"Cambridge, MA",USA
707,Ronald H.,Coase,12/29/1910,9/2/2013,United Kingdom,GB,Willesden,USA,US,"Chicago, IL",male,1991,economics,,1,"""for his discovery and clarification of the significance of transaction costs and property rights for the institutional structure and functioning of the economy""",University of Chicago,"Chicago, IL",USA
355,Fritz Albert,Lipmann,06/12/1899,7/24/1986,Germany (now Russia),RU,Koenigsberg (now Kaliningrad),USA,US,"Poughkeepsie, NY",male,1953,medicine,,2,"""for his discovery of co-enzyme A and its importance for intermediary metabolism""",Harvard Medical School,"Boston, MA",USA
355,Fritz Albert,Lipmann,06/12/1899,7/24/1986,Germany (now Russia),RU,Koenigsberg (now Kaliningrad),USA,US,"Poughkeepsie, NY",male,1953,medicine,,2,"""for his discovery of co-enzyme A and its importance for intermediary metabolism""",Massachusetts General Hospital,"Boston, MA",USA
192,Harold Clayton,Urey,04/29/1893,1/5/1981,USA,US,"Walkerton, IN",USA,US,"La Jolla, CA",male,1934,chemistry,,1,"""for his discovery of heavy hydrogen""",Columbia University,"New York, NY",USA
321,Karl,Landsteiner,06/14/1868,6/26/1943,Austrian Empire (now Austria),AT,Vienna,USA,US,"New York, NY",male,1930,medicine,,1,"""for his discovery of human blood groups""",Rockefeller Institute for Medical Research,"New York, NY",USA
457,Stanley B.,Prusiner,5/28/1942,0000-00-00,USA,US,"Des Moines, IA",,,,male,1997,medicine,,1,"""for his discovery of Prions - a new biological principle of infection""",University of California School of Medicine,"San Francisco, CA",USA
353,Selman Abraham,Waksman,07/22/1888,8/16/1973,Russian Empire (now Ukraine),UA,Priluka (now Nova Pryluka),USA,US,"Hyannis, MA",male,1952,medicine,,1,"""for his discovery of streptomycin, the first antibiotic effective against tuberculosis""",Rutgers University,"New Brunswick, NJ",USA
336,Edward Adelbert,Doisy,11/13/1893,10/23/1986,USA,US,"Hume, IL",USA,US,"St. Louis, MO",male,1943,medicine,,2,"""for his discovery of the chemical nature of vitamin K""",Saint Louis University,"St. Louis, MO",USA
863,Ralph M.,Steinman,1/14/1943,9/30/2011,Canada,CA,Montreal,,,,male,2011,medicine,,2,"""for his discovery of the dendritic cell and its role in adaptive immunity""",Rockefeller University,"New York, NY",USA
33,Arthur Holly,Compton,09/10/1892,3/15/1962,USA,US,"Wooster, OH",USA,US,"Berkeley, CA",male,1927,physics,,2,"""for his discovery of the effect named after him""",University of Chicago,"Chicago, IL",USA
436,Susumu,Tonegawa,9/6/1939,0000-00-00,Japan,JP,Nagoya,,,,male,1987,medicine,,1,"""for his discovery of the genetic principle for generation of antibody diversity""",Massachusetts Institute of Technology (MIT),"Cambridge, MA",USA
43,Carl David,Anderson,9/3/1905,1/11/1991,USA,US,"New York, NY",USA,US,"San Marino, CA",male,1936,physics,,2,"""for his discovery of the positron""",California Institute of Technology (Caltech),"Pasadena, CA",USA
383,Peyton,Rous,10/05/1879,2/16/1972,USA,US,"Baltimore, MD",USA,US,"New York, NY",male,1966,medicine,,2,"""for his discovery of tumour-inducing viruses""",Rockefeller University,"New York, NY",USA
204,James Batcheller,Sumner,11/19/1887,8/12/1955,USA,US,"Canton, MA",USA,US,"Buffalo, NY",male,1946,chemistry,,2,"""for his discovery that enzymes can be crystallized""",Cornell University,"Ithaca, NY",USA
680,Simon,Kuznets,4/30/1901,7/8/1985,Russian Empire (now Belarus),BY,Pinsk,USA,US,"Cambridge, MA",male,1971,economics,,1,"""for his empirically founded interpretation of economic growth which has led to new and deepened insight into the economic and social structure and process of development""",Harvard University,"Cambridge, MA",USA
246,Paul J.,Flory,6/19/1910,9/8/1985,USA,US,"Sterling, IL",USA,US,"Big Sur, CA",male,1974,chemistry,,1,"""for his fundamental achievements, both theoretical and experimental, in the physical chemistry of the macromolecules""",Stanford University,"Stanford, CA",USA
254,Paul,Berg,6/30/1926,0000-00-00,USA,US,"New York, NY",,,,male,1980,chemistry,,2,"""for his fundamental studies of the biochemistry of nucleic acids, with particular regard to recombinant-DNA""",Stanford University,"Stanford, CA",USA
232,Robert S.,Mulliken,06/07/1896,10/31/1986,USA,US,"Newburyport, MA",USA,US,"Arlington, VA",male,1966,chemistry,,1,"""for his fundamental work concerning chemical bonds and the electronic structure of molecules by the molecular orbital method""",University of Chicago,"Chicago, IL",USA
278,Kary B.,Mullis,12/28/1944,0000-00-00,USA,US,"Lenoir, NC",,,,male,1993,chemistry,"""for contributions to the developments of methods within DNA-based chemistry""",2,"""for his invention of the polymerase chain reaction (PCR) method""",,"La Jolla, CA",USA
224,Willard Frank,Libby,12/17/1908,9/8/1980,USA,US,"Grand Valley, CO",USA,US,"Los Angeles, CA",male,1960,chemistry,,1,"""for his method to use carbon-14 for age determination in archaeology, geology, geophysics, and other branches of science""",University of California,"Los Angeles, CA",USA
11,Albert Abraham,Michelson,12/19/1852,5/9/1931,Prussia (now Poland),PL,Strelno (now Strzelno),USA,US,"Pasadena, CA",male,1907,physics,,1,"""for his optical precision instruments and the spectroscopic and metrological investigations carried out with their aid""",University of Chicago,"Chicago, IL",USA
231,Robert Burns,Woodward,4/10/1917,7/8/1979,USA,US,"Boston, MA",USA,US,"Cambridge, MA",male,1965,chemistry,,1,"""for his outstanding achievements in the art of organic synthesis""",Harvard University,"Cambridge, MA",USA
728,Jack S.,Kilby,11/8/1923,6/20/2005,USA,US,"Jefferson City, MO",USA,US,"Dallas, TX",male,2000,physics,"""for basic work on information and communication technology""",2,"""for his part in the invention of the integrated circuit""",Texas Instruments,"Dallas, TX",USA
699,Franco,Modigliani,6/18/1918,9/25/2003,Italy,IT,Rome,USA,US,"Cambridge, MA",male,1985,economics,,1,"""for his pioneering analyses of saving and of financial markets""",Massachusetts Institute of Technology (MIT),"Cambridge, MA",USA
691,Herbert A.,Simon,6/15/1916,2/9/2001,USA,US,"Milwaukee, WI",USA,US,"Pittsburgh, PA",male,1978,economics,,1,"""for his pioneering research into the decision-making process within economic organizations""",Carnegie Mellon University,"Pittsburgh, PA",USA
75,Robert,Hofstadter,2/5/1915,11/17/1990,USA,US,"New York, NY",USA,US,"Stanford, CA",male,1961,physics,,2,"""for his pioneering studies of electron scattering in atomic nuclei and for his thereby achieved discoveries concerning the structure of the nucleons""",Stanford University,"Stanford, CA",USA
64,Polykarp,Kusch,1/26/1911,3/20/1993,Germany,DE,Blankenburg,USA,US,"Dallas, TX",male,1955,physics,,2,"""for his precision determination of the magnetic moment of the electron""",Columbia University,"New York, NY",USA
54,Hideki,Yukawa,1/23/1907,9/8/1981,Japan,JP,Tokyo,Japan,JP,Kyoto,male,1949,physics,,1,"""for his prediction of the existence of mesons on the basis of theoretical work on nuclear forces""",Columbia University,"New York, NY",USA
217,Linus Carl,Pauling,2/28/1901,8/19/1994,USA,US,"Portland, OR",USA,US,"Big Sur, CA",male,1954,chemistry,,1,"""for his research into the nature of the chemical bond and its application to the elucidation of the structure of complex substances""",California Institute of Technology (Caltech),"Pasadena, CA",USA
225,Melvin,Calvin,4/8/1911,1/8/1997,USA,US,"St. Paul, MN",USA,US,"Berkeley, CA",male,1961,chemistry,,1,"""for his research on the carbon dioxide assimilation in plants""",University of California,"Berkeley, CA",USA
76,Rudolf Ludwig,M_ssbauer,1/31/1929,9/14/2011,Germany,DE,Munich,,,,male,1961,physics,,2,"""for his researches concerning the resonance absorption of gamma radiation and his discovery in this connection of the effect which bears his name""",California Institute of Technology (Caltech),"Pasadena, CA",USA
49,Isidor Isaac,Rabi,07/29/1898,1/11/1988,Austria-Hungary (now Poland),PL,Rymanow,USA,US,"New York, NY",male,1944,physics,,1,"""for his resonance method for recording the magnetic properties of atomic nuclei""",Columbia University,"New York, NY",USA
696,George J.,Stigler,1/17/1911,12/1/1991,USA,US,"Renton, WA",USA,US,"Chicago, IL",male,1982,economics,,1,"""for his seminal studies of industrial structures, functioning of markets and causes and effects of public regulation""",University of Chicago,"Chicago, IL",USA
806,Roger D.,Kornberg,4/24/1947,0000-00-00,USA,US,"St. Louis, MO",,,,male,2006,chemistry,,1,"""for his studies of the molecular basis of eukaryotic transcription""",Stanford University,"Stanford, CA",USA
292,Ahmed H.,Zewail,2/26/1946,8/2/2016,Egypt,EG,Damanhur,,,,male,1999,chemistry,,1,"""for his studies of the transition states of chemical reactions using femtosecond spectroscopy""",California Institute of Technology (Caltech),"Pasadena, CA",USA
249,William N.,Lipscomb,12/9/1919,4/14/2011,USA,US,"Cleveland, OH",USA,US,"Cambridge, MA",male,1976,chemistry,,1,"""for his studies on the structure of boranes illuminating problems of chemical bonding""",Harvard University,"Cambridge, MA",USA
123,William Alfred,Fowler,8/9/1911,3/14/1995,USA,US,"Pittsburgh, PA",USA,US,"Pasadena, CA",male,1983,physics,,2,"""for his theoretical and experimental studies of the nuclear reactions of importance in the formation of the chemical elements in the universe""",California Institute of Technology (Caltech),"Pasadena, CA",USA
122,Subramanyan,Chandrasekhar,10/19/1910,8/21/1995,India (now Pakistan),PK,Lahore,USA,US,"Chicago, IL",male,1983,physics,,2,"""for his theoretical studies of the physical processes of importance to the structure and evolution of the stars""",University of Chicago,"Chicago, IL",USA
121,Kenneth G.,Wilson,6/8/1936,6/15/2013,USA,US,"Waltham, MA",USA,US,"Saco, ME",male,1982,physics,,1,"""for his theory for critical phenomena in connection with phase transitions""",Cornell University,"Ithaca, NY",USA
218,Vincent,du Vigneaud,5/18/1901,12/11/1978,USA,US,"Chicago, IL",USA,US,"White Plains, NY",male,1955,chemistry,,1,"""for his work on biochemically important sulphur compounds, especially for the first synthesis of a polypeptide hormone""",Cornell University,"Ithaca, NY",USA
743,K. Barry,Sharpless,4/28/1941,0000-00-00,USA,US,"Philadelphia, PA",,,,male,2001,chemistry,,2,"""for his work on chirally catalysed oxidation reactions""",The Scripps Research Institute,"La Jolla, CA",USA
241,Christian B.,Anfinsen,3/26/1916,5/14/1995,USA,US,"Monessen, PA",USA,US,"Randallstown, MD",male,1972,chemistry,,2,"""for his work on ribonuclease, especially concerning the connection between the amino acid sequence and the biologically active conformation""",National Institutes of Health,"Bethesda, MD",USA
28,Robert Andrews,Millikan,03/22/1868,12/19/1953,USA,US,"Morrison, IL",USA,US,"San Marino, CA",male,1923,physics,,1,"""for his work on the elementary charge of electricity and on the photoelectric effect""",California Institute of Technology (Caltech),"Pasadena, CA",USA
260,Henry,Taube,11/30/1915,11/16/2005,Canada,CA,Neudorf,USA,US,"Stanford, CA",male,1983,chemistry,,1,"""for his work on the mechanisms of electron transfer reactions, especially in metal complexes""",Stanford University,"Stanford, CA",USA
923,Aziz,Sancar,9/8/1946,0000-00-00,Turkey,TR,Savur,,,,male,2015,chemistry,,3,"""for mechanistic studies of DNA repair""",University of North Carolina,"Chapel Hill, NC",USA
922,Paul,Modrich,6/13/1946,0000-00-00,USA,US,"Raton, NM",,,,male,2015,chemistry,,3,"""for mechanistic studies of DNA repair""",Howard Hughes Medical Institute,"Durham, NC",USA
922,Paul,Modrich,6/13/1946,0000-00-00,USA,US,"Raton, NM",,,,male,2015,chemistry,,3,"""for mechanistic studies of DNA repair""",Duke University School of Medicine,"Durham, NC",USA
772,Clive W.J.,Granger,9/4/1934,5/27/2009,United Kingdom,GB,Swansea,USA,US,"San Diego, CA",male,2003,economics,,2,"""for methods of analyzing economic time series with common trends (cointegration)""",University of California,"San Diego, CA",USA
771,Robert F.,Engle III,11/10/1942,0000-00-00,USA,US,"Syracuse, NY",,,,male,2003,economics,,2,"""for methods of analyzing economic time series with time-varying volatility (ARCH)""",New York University,"New York, NY",USA
852,Ei-ichi,Negishi,7/14/1935,0000-00-00,China,CN,Changchun,,,,male,2010,chemistry,,3,"""for palladium-catalyzed cross couplings in organic synthesis""",Purdue University,"West Lafayette, IN",USA
851,Richard F.,Heck,8/15/1931,10/9/2015,USA,US,"Springfield, MA",Philippines,,Manila,male,2010,chemistry,,3,"""for palladium-catalyzed cross couplings in organic synthesis""",University of Delaware,,USA
753,Raymond,Davis Jr.,10/14/1914,5/31/2006,USA,US,"Washington, DC",USA,US,"Blue Point, NY",male,2002,physics,,4,"""for pioneering contributions to astrophysics, in particular for the detection of cosmic neutrinos""",University of Pennsylvania,"Philadelphia, PA",USA
755,Riccardo,Giacconi,10/6/1931,0000-00-00,Italy,IT,Genoa,,,,male,2002,physics,,2,"""for pioneering contributions to astrophysics, which have led to the discovery of cosmic X-ray sources""",Associated Universities Inc.,"Washington, DC",USA
766,Alexei A.,Abrikosov,6/25/1928,0000-00-00,USSR (now Russia),RU,Moscow,,,,male,2003,physics,,3,"""for pioneering contributions to the theory of superconductors and superfluids""",Argonne National Laboratory,"Argonne, IL",USA
768,Anthony J.,Leggett,3/26/1938,0000-00-00,United Kingdom,GB,London,,,,male,2003,physics,,3,"""for pioneering contributions to the theory of superconductors and superfluids""",University of Illinois,"Urbana, IL",USA
770,Roderick,MacKinnon,2/19/1956,0000-00-00,USA,US,"Burlington, MA",,,,male,2003,chemistry,"""for discoveries concerning channels in cell membranes""",2,"""for structural and mechanistic studies of ion channels""",Rockefeller University,"New York, NY",USA
878,Robert J.,Lefkowitz,4/15/1943,0000-00-00,USA,US,"New York, NY",,,,male,2012,chemistry,,2,"""for studies of G-protein-coupled receptors""",Duke University Medical Center,"Durham, NC",USA
879,Brian K.,Kobilka,5/30/1955,0000-00-00,USA,US,"Little Falls, MN",,,,male,2012,chemistry,,2,"""for studies of G-protein-coupled receptors""",Stanford University School of Medicine,"Stanford, CA",USA
842,Thomas A.,Steitz,8/23/1940,0000-00-00,USA,US,"Milwaukee, WI",,,,male,2009,chemistry,,3,"""for studies of the structure and function of the ribosome""",Yale University,"New Haven, CT",USA
740,Carl E.,Wieman,3/26/1951,0000-00-00,USA,US,"Corvallis, OR",,,,male,2001,physics,,3,"""for the achievement of Bose-Einstein condensation in dilute gases of alkali atoms, and for early fundamental studies of the properties of the condensates""","University of Colorado, JILA","Boulder, CO",USA
738,Eric A.,Cornell,12/19/1961,0000-00-00,USA,US,"Palo Alto, CA",,,,male,2001,physics,,3,"""for the achievement of Bose-Einstein condensation in dilute gases of alkali atoms, and for early fundamental studies of the properties of the condensates""","University of Colorado, JILA","Boulder, CO",USA
739,Wolfgang,Ketterle,10/21/1957,0000-00-00,West Germany (now Germany),DE,Heidelberg,,,,male,2001,physics,,3,"""for the achievement of Bose-Einstein condensation in dilute gases of alkali atoms, and for early fundamental studies of the properties of the condensates""",Massachusetts Institute of Technology (MIT),"Cambridge, MA",USA
694,Lawrence R.,Klein,9/14/1920,10/20/2013,USA,US,"Omaha, NE",USA,US,"Gladwyne, PA",male,1980,economics,,1,"""for the creation of econometric models and the application to the analysis of economic fluctuations and economic policies""",University of Pennsylvania,"Philadelphia, PA",USA
932,Sir J. Fraser,Stoddart,0000/00/00,0000-00-00,United Kingdom,GB,Edinburgh,,,,male,2016,chemistry,,3,"""for the design and synthesis of molecular machines""",Northwestern University,"Evanston, IL",USA
148,Frederick,Reines,3/16/1918,8/26/1998,USA,US,"Paterson, NJ",USA,US,"Orange, CA",male,1995,physics,"""for pioneering experimental contributions to lepton physics""",2,"""for the detection of the neutrino""",University of California,"Irvine, CA",USA
270,Johann,Deisenhofer,9/30/1943,0000-00-00,Germany,DE,Zusamaltheim,,,,male,1988,chemistry,,3,"""for the determination of the three-dimensional structure of a photosynthetic reaction centre""",University of Texas Southwestern Medical Center at Dallas,"Dallas, TX",USA
417,Allan M.,Cormack,2/23/1924,5/7/1998,South Africa,ZA,Johannesburg,USA,US,"Winchester, MA",male,1979,medicine,,2,"""for the development of computer assisted tomography""",Tufts University,"Medford, MA",USA
889,Martin,Karplus,3/15/1930,0000-00-00,Austria,AT,Vienna,,,,male,2013,chemistry,,3,"""for the development of multiscale models for complex chemical systems""",Harvard University,"Cambridge, MA",USA
891,Arieh,Warshel,11/20/1940,0000-00-00,British Mandate of Palestine (now Israel),IL,Kibbutz Sde-Nahum,,,,male,2013,chemistry,,3,"""for the development of multiscale models for complex chemical systems""",University of Southern California,"Los Angeles, CA",USA
890,Michael,Levitt,5/9/1947,0000-00-00,South Africa,ZA,Pretoria,,,,male,2013,chemistry,,3,"""for the development of multiscale models for complex chemical systems""",Stanford University School of Medicine,"Stanford, CA",USA
909,Eric,Betzig,1/13/1960,0000-00-00,USA,US,"Ann Arbor, MI",,,,male,2014,chemistry,,3,"""for the development of super-resolved fluorescence microscopy""","Janelia Research Campus, Howard Hughes Medical Institute","Ashburn, VA",USA
911,William E.,Moerner,6/24/1953,0000-00-00,USA,US,"Pleasanton, CA",,,,male,2014,chemistry,,3,"""for the development of super-resolved fluorescence microscopy""",Stanford University,"Stanford, CA",USA
683,Wassily,Leontief,8/5/1906,2/5/1999,Russia,RU,St. Petersburg,USA,US,"New York, NY",male,1973,economics,,1,"""for the development of the input-output method and for its application to important economic problems""",Harvard University,"Cambridge, MA",USA
136,Hans G.,Dehmelt,9/9/1922,0000-00-00,Prussia (now Germany),DE,G_rlitz,,,,male,1989,physics,,4,"""for the development of the ion trap technique""",University of Washington,"Seattle, WA",USA
796,Richard R.,Schrock,1/4/1945,0000-00-00,USA,US,"Berne, IN",,,,male,2005,chemistry,,3,"""for the development of the metathesis method in organic synthesis""",Massachusetts Institute of Technology (MIT),"Cambridge, MA",USA
795,Robert H.,Grubbs,2/27/1942,0000-00-00,USA,US,"Possum Trot, KY",,,,male,2005,chemistry,,3,"""for the development of the metathesis method in organic synthesis""",California Institute of Technology (Caltech),"Pasadena, CA",USA
146,Clifford G.,Shull,9/23/1915,3/31/2001,USA,US,"Pittsburgh, PA",USA,US,"Medford, MA",male,1994,physics,"""for pioneering contributions to the development of neutron scattering techniques for studies of condensed matter""",2,"""for the development of the neutron diffraction technique""",Massachusetts Institute of Technology (MIT),"Cambridge, MA",USA
730,Alan G.,MacDiarmid,4/14/1927,2/7/2007,New Zealand,NZ,Masterton,USA,US,"Drexel Hill, PA",male,2000,chemistry,,3,"""for the discovery and development of conductive polymers""",University of Pennsylvania,"Philadelphia, PA",USA
729,Alan J.,Heeger,1/22/1936,0000-00-00,USA,US,"Sioux City, IA",,,,male,2000,chemistry,,3,"""for the discovery and development of conductive polymers""",University of California,"Santa Barbara, CA",USA
829,Osamu,Shimomura,8/27/1928,0000-00-00,Japan,JP,Kyoto,,,,male,2008,chemistry,,3,"""for the discovery and development of the green fluorescent protein, GFP""",Boston University Medical School,"Massachusetts, MA",USA
830,Martin,Chalfie,1/15/1947,0000-00-00,USA,US,"Chicago, IL",,,,male,2008,chemistry,,3,"""for the discovery and development of the green fluorescent protein, GFP""",Columbia University,"New York, NY",USA
831,Roger Y.,Tsien,2/1/1952,8/24/2016,USA,US,"New York, NY",USA,US,"Eugene, OR",male,2008,chemistry,,3,"""for the discovery and development of the green fluorescent protein, GFP""",University of California,"San Diego, CA",USA
829,Osamu,Shimomura,8/27/1928,0000-00-00,Japan,JP,Kyoto,,,,male,2008,chemistry,,3,"""for the discovery and development of the green fluorescent protein, GFP""",Marine Biological Laboratory (MBL),"Woods Hole, MA",USA
144,Joseph H.,Taylor Jr.,3/29/1941,0000-00-00,USA,US,"Philadelphia, PA",,,,male,1993,physics,,2,"""for the discovery of a new type of pulsar, a discovery that has opened up new possibilities for the study of gravitation""",Princeton University,"Princeton, NJ",USA
143,Russell A.,Hulse,11/28/1950,0000-00-00,USA,US,"New York, NY",,,,male,1993,physics,,2,"""for the discovery of a new type of pulsar, a discovery that has opened up new possibilities for the study of gravitation""",Princeton University,"Princeton, NJ",USA
778,Frank,Wilczek,5/15/1951,0000-00-00,USA,US,"New York, NY",,,,male,2004,physics,,3,"""for the discovery of asymptotic freedom in the theory of the strong interaction""",Massachusetts Institute of Technology (MIT),"Cambridge, MA",USA
777,H. David,Politzer,8/31/1949,0000-00-00,USA,US,"New York, NY",,,,male,2004,physics,,3,"""for the discovery of asymptotic freedom in the theory of the strong interaction""",California Institute of Technology (Caltech),"Pasadena, CA",USA
776,David J.,Gross,2/19/1941,0000-00-00,USA,US,"Washington, DC",,,,male,2004,physics,,3,"""for the discovery of asymptotic freedom in the theory of the strong interaction""","University of California, Kavli Institute for Theoretical Physics","Santa Barbara, CA",USA
837,Jack W.,Szostak,11/9/1952,0000-00-00,United Kingdom,GB,London,,,,male,2009,medicine,,3,"""for the discovery of how chromosomes are protected by telomeres and the enzyme telomerase""",Harvard Medical School,"Boston, MA",USA
837,Jack W.,Szostak,11/9/1952,0000-00-00,United Kingdom,GB,London,,,,male,2009,medicine,,3,"""for the discovery of how chromosomes are protected by telomeres and the enzyme telomerase""",Massachusetts General Hospital,"Boston, MA",USA
416,Hamilton O.,Smith,8/23/1931,0000-00-00,USA,US,"New York, NY",,,,male,1978,medicine,,3,"""for the discovery of restriction enzymes and their application to problems of molecular genetics""",Johns Hopkins University School of Medicine,"Baltimore, MD",USA
415,Daniel,Nathans,10/30/1928,11/16/1999,USA,US,"Wilmington, DE",USA,US,"Baltimore, MD",male,1978,medicine,,3,"""for the discovery of restriction enzymes and their application to problems of molecular genetics""",Johns Hopkins University School of Medicine,"Baltimore, MD",USA
866,Adam G.,Riess,12/16/1969,0000-00-00,USA,US,"Washington, DC",,,,male,2011,physics,,4,"""for the discovery of the accelerating expansion of the Universe through observations of distant supernovae""",Johns Hopkins University,"Baltimore, MD",USA
866,Adam G.,Riess,12/16/1969,0000-00-00,USA,US,"Washington, DC",,,,male,2011,physics,,4,"""for the discovery of the accelerating expansion of the Universe through observations of distant supernovae""",Space Telescope Science Institute,"Baltimore, MD",USA
864,Saul,Perlmutter,0000/00/00,0000-00-00,USA,US,"Champaign-Urbana, IL",,,,male,2011,physics,,2,"""for the discovery of the accelerating expansion of the Universe through observations of distant supernovae""",Lawrence Berkeley National Laboratory,"Berkeley, CA",USA
864,Saul,Perlmutter,0000/00/00,0000-00-00,USA,US,"Champaign-Urbana, IL",,,,male,2011,physics,,2,"""for the discovery of the accelerating expansion of the Universe through observations of distant supernovae""",University of California,"Berkeley, CA",USA
104,Leo James,Rainwater,12/9/1917,3/31/1986,USA,US,"Council, ID",USA,US,"Yonkers, NY",male,1975,physics,,3,"""for the discovery of the connection between collective motion and particle motion in atomic nuclei and the development of the theory of the structure of the atomic nucleus based on this connection""",Columbia University,"New York, NY",USA
50,Wolfgang,Pauli,4/25/1900,12/15/1958,Austria,AT,Vienna,Switzerland,CH,Zurich,male,1945,physics,,1,"""for the discovery of the Exclusion Principle, also called the Pauli Principle""",Princeton University,"Princeton, NJ",USA
826,Yoichiro,Nambu,1/18/1921,7/5/2015,Japan,JP,Tokyo,Japan,JP,Osaka,male,2008,physics,,2,"""for the discovery of the mechanism of spontaneous broken symmetry in subatomic physics""","Enrico Fermi Institute, University of Chicago","Chicago, IL",USA
342,Hermann Joseph,Muller,12/21/1890,4/5/1967,USA,US,"New York, NY",,,,male,1946,medicine,,1,"""for the discovery of the production of mutations by means of X-ray irradiation""",Indiana University,"Bloomington, IN",USA
236,Lars,Onsager,11/27/1903,10/5/1976,Norway,NO,Kristiania (now Oslo),USA,US,"Coral Gables, FL",male,1968,chemistry,,1,"""for the discovery of the reciprocal relations bearing his name, which are fundamental for the thermodynamics of irreversible processes""",Yale University,"New Haven, CT",USA
147,Martin L.,Perl,6/24/1927,9/30/2014,USA,US,"New York, NY",USA,US,"Palo Alto, CA",male,1995,physics,"""for pioneering experimental contributions to lepton physics""",2,"""for the discovery of the tau lepton""",Stanford University,"Stanford, CA",USA
781,Irwin,Rose,7/16/1926,6/3/2015,USA,US,"Brooklyn, NY",USA,US,"Deerfield, MA",male,2004,chemistry,,3,"""for the discovery of ubiquitin-mediated protein degradation""",University of California,"Irvine, CA",USA
116,James Watson,Cronin,9/29/1931,8/25/2016,USA,US,"Chicago, IL",USA,US,"St. Paul, MN",male,1980,physics,,2,"""for the discovery of violations of fundamental symmetry principles in the decay of neutral K-mesons""",University of Chicago,"Chicago, IL",USA
117,Val Logsdon,Fitch,3/10/1923,2/5/2015,USA,US,"Merriman, NE",USA,US,"Princeton, NJ",male,1980,physics,,2,"""for the discovery of violations of fundamental symmetry principles in the decay of neutral K-mesons""",Princeton University,"Princeton, NJ",USA
769,Peter,Agre,1/30/1949,0000-00-00,USA,US,"Northfield, MN",,,,male,2003,chemistry,"""for discoveries concerning channels in cell membranes""",2,"""for the discovery of water channels""",Johns Hopkins University School of Medicine,"Baltimore, MD",USA
875,Shinya,Yamanaka,9/4/1962,0000-00-00,Japan,JP,Osaka,,,,male,2012,medicine,,2,"""for the discovery that mature cells can be reprogrammed to become pluripotent""",Gladstone Institutes,"San Francisco, CA",USA
461,G���nter,Blobel,5/21/1936,0000-00-00,Germany (now Poland),PL,Waltersdorf (now Niegoslawice),,,,male,1999,medicine,,1,"""for the discovery that proteins have intrinsic signals that govern their transport and localization in the cell""",Rockefeller University,"New York, NY",USA
47,Ernest Orlando,Lawrence,8/8/1901,8/27/1958,USA,US,"Canton, SD",USA,US,"Palo Alto, CA",male,1939,physics,,1,"""for the invention and development of the cyclotron and for results obtained with it, especially with regard to artificial radioactive elements""",University of California,"Berkeley, CA",USA
51,Percy Williams,Bridgman,04/21/1882,8/20/1961,USA,US,"Cambridge, MA",USA,US,"Randolph, NH",male,1946,physics,,1,"""for the invention of an apparatus to produce extremely high pressures, and for the discoveries he made therewith in the field of high pressure physics""",Harvard University,"Cambridge, MA",USA
840,George E.,Smith,5/10/1930,0000-00-00,USA,US,"White Plains, NY",,,,male,2009,physics,,4,"""for the invention of an imaging semiconductor circuit - the CCD sensor""",Bell Laboratories,"Murray Hill, NJ",USA
839,Willard S.,Boyle,8/19/1924,5/7/2011,Canada,CA,"Amherst, NS",Canada,CA,"Truro, NS",male,2009,physics,,4,"""for the invention of an imaging semiconductor circuit - the CCD sensor""",Bell Laboratories,"Murray Hill, NJ",USA
908,Shuji,Nakamura,5/22/1954,0000-00-00,Japan,JP,Ikata,,,,male,2014,physics,,3,"""for the invention of efficient blue light-emitting diodes which has enabled bright and energy-saving white light sources""",University of California,"Santa Barbara, CA",USA
74,Donald Arthur,Glaser,9/21/1926,2/28/2013,USA,US,"Cleveland, OH",USA,US,"Berkeley, CA",male,1960,physics,,1,"""for the invention of the bubble chamber""",University of California,"Berkeley, CA",USA
135,Norman F.,Ramsey,8/27/1915,11/4/2011,USA,US,"Washington, DC",USA,US,"Wayland, MA",male,1989,physics,,2,"""for the invention of the separated oscillatory fields method and its use in the hydrogen maser and other atomic clocks""",Harvard University,"Cambridge, MA",USA
132,Leon M.,Lederman,7/15/1922,0000-00-00,USA,US,"New York, NY",,,,male,1988,physics,,3,"""for the neutrino beam method and the demonstration of the doublet structure of the leptons through the discovery of the muon neutrino""",Fermi National Accelerator Laboratory,"Batavia, IL",USA
133,Melvin,Schwartz,11/2/1932,8/28/2006,USA,US,"New York, NY",USA,US,"Twin Falls, ID",male,1988,physics,,3,"""for the neutrino beam method and the demonstration of the doublet structure of the leptons through the discovery of the muon neutrino""","Digital Pathways, Inc.","Mountain View, CA",USA
679,Paul A.,Samuelson,5/15/1915,12/13/2009,USA,US,"Gary, IN",USA,US,"Belmont, MA",male,1970,economics,,1,"""for the scientific work through which he has developed static and dynamic economic theory and actively contributed to raising the level of analysis in economic science""",Massachusetts Institute of Technology (MIT),"Cambridge, MA",USA
882,Alvin E.,Roth,12/18/1951,0000-00-00,USA,US,"New York, NY",,,,male,2012,economics,,2,"""for the theory of stable allocations and the practice of market design""",Harvard Business School,"Boston, MA",USA
882,Alvin E.,Roth,12/18/1951,0000-00-00,USA,US,"New York, NY",,,,male,2012,economics,,2,"""for the theory of stable allocations and the practice of market design""",Harvard University,"Cambridge, MA",USA
883,Lloyd S.,Shapley,6/2/1923,3/12/2016,USA,US,"Cambridge, MA",USA,US,"Tucson, AZ",male,2012,economics,,2,"""for the theory of stable allocations and the practice of market design""",University of California,"Los Angeles, CA",USA
744,George A.,Akerlof,6/17/1940,0000-00-00,USA,US,"New Haven, CT",,,,male,2001,economics,,3,"""for their analyses of markets with asymmetric information""",University of California,"Berkeley, CA",USA
746,Joseph E.,Stiglitz,2/9/1943,0000-00-00,USA,US,"Gary, IN",,,,male,2001,economics,,3,"""for their analyses of markets with asymmetric information""",Columbia University,"New York, NY",USA
745,A. Michael,Spence,00/00/1943,0000-00-00,USA,US,"Montclair, NJ",,,,male,2001,economics,,3,"""for their analyses of markets with asymmetric information""",Stanford University,"Stanford, CA",USA
856,Peter A.,Diamond,4/29/1940,0000-00-00,USA,US,"New York, NY",,,,male,2010,economics,,3,"""for their analysis of markets with search frictions""",Massachusetts Institute of Technology (MIT),"Cambridge, MA",USA
857,Dale T.,Mortensen,2/2/1939,1/9/2014,USA,US,"Enterprise, OR",USA,US,"Wilmette, IL",male,2010,economics,,3,"""for their analysis of markets with search frictions""",Northwestern University,"Evanston, IL",USA
118,Nicolaas,Bloembergen,3/11/1920,0000-00-00,the Netherlands,NL,Dordrecht,,,,male,1981,physics,,4,"""for their contribution to the development of laser spectroscopy""",Harvard University,"Cambridge, MA",USA
119,Arthur Leonard,Schawlow,5/5/1921,4/28/1999,USA,US,"Mount Verno, NY",USA,US,"Palo Alto, CA",male,1981,physics,,4,"""for their contribution to the development of laser spectroscopy""",Stanford University,"Stanford, CA",USA
243,William H.,Stein,6/25/1911,2/2/1980,USA,US,"New York, NY",USA,US,"New York, NY",male,1972,chemistry,,4,"""for their contribution to the understanding of the connection between chemical structure and catalytic activity of the active centre of the ribonuclease molecule""",Rockefeller University,"New York, NY",USA
242,Stanford,Moore,9/4/1913,8/23/1982,USA,US,"Chicago, IL",USA,US,"New York, NY",male,1972,chemistry,,4,"""for their contribution to the understanding of the connection between chemical structure and catalytic activity of the active centre of the ribonuclease molecule""",Rockefeller University,"New York, NY",USA
255,Walter,Gilbert,3/21/1932,0000-00-00,USA,US,"Boston, MA",,,,male,1980,chemistry,,4,"""for their contributions concerning the determination of base sequences in nucleic acids""","Harvard University, Biological Laboratories","Cambridge, MA",USA
265,Yuan T.,Lee,11/19/1936,0000-00-00,Taiwan,TW,Hsinchu,,,,male,1986,chemistry,,3,"""for their contributions concerning the dynamics of chemical elementary processes""",University of California,"Berkeley, CA",USA
264,Dudley R.,Herschbach,6/18/1932,0000-00-00,USA,US,"San Jos_, CA",,,,male,1986,chemistry,,3,"""for their contributions concerning the dynamics of chemical elementary processes""",Harvard University,"Cambridge, MA",USA
787,Edward C.,Prescott,12/26/1940,0000-00-00,USA,US,"Glens Falls, NY",,,,male,2004,economics,,2,"""for their contributions to dynamic macroeconomics: the time consistency of economic policy and the driving forces behind business cycles""",Federal Reserve Bank of Minneapolis,"Minneapolis, MN",USA
786,Finn E.,Kydland,12/1/1943,0000-00-00,Norway,NO,Gjesdal,,,,male,2004,economics,,2,"""for their contributions to dynamic macroeconomics: the time consistency of economic policy and the driving forces behind business cycles""",Carnegie Mellon University,"Pittsburgh, PA",USA
786,Finn E.,Kydland,12/1/1943,0000-00-00,Norway,NO,Gjesdal,,,,male,2004,economics,,2,"""for their contributions to dynamic macroeconomics: the time consistency of economic policy and the driving forces behind business cycles""",University of California,"Santa Barbara, CA",USA
787,Edward C.,Prescott,12/26/1940,0000-00-00,USA,US,"Glens Falls, NY",,,,male,2004,economics,,2,"""for their contributions to dynamic macroeconomics: the time consistency of economic policy and the driving forces behind business cycles""",Arizona State University,"Tempe, AZ",USA
792,John L.,Hall,8/21/1934,0000-00-00,USA,US,"Denver, CO",,,,male,2005,physics,,4,"""for their contributions to the development of laser-based precision spectroscopy, including the optical frequency comb technique""","University of Colorado, JILA","Boulder, CO",USA
792,John L.,Hall,8/21/1934,0000-00-00,USA,US,"Denver, CO",,,,male,2005,physics,,4,"""for their contributions to the development of laser-based precision spectroscopy, including the optical frequency comb technique""",National Institute of Standards and Technology,"Boulder, CO",USA
687,Tjalling C.,Koopmans,8/28/1910,2/26/1985,the Netherlands,NL,'s Graveland,USA,US,"New Haven, CT",male,1975,economics,,2,"""for their contributions to the theory of optimum allocation of resources""",Yale University,"New Haven, CT",USA
113,Sheldon Lee,Glashow,12/5/1932,0000-00-00,USA,US,"New York, NY",,,,male,1979,physics,,3,"""for their contributions to the theory of the unified weak and electromagnetic interaction between elementary particles, including, inter alia, the prediction of the weak neutral current""","Harvard University, Lyman Laboratory","Cambridge, MA",USA
115,Steven,Weinberg,5/3/1933,0000-00-00,USA,US,"New York, NY",,,,male,1979,physics,,3,"""for their contributions to the theory of the unified weak and electromagnetic interaction between elementary particles, including, inter alia, the prediction of the weak neutral current""",Harvard University,"Cambridge, MA",USA
267,Donald J.,Cram,4/22/1919,6/17/2001,USA,US,"Chester, VT",USA,US,"Palm Desert, CA",male,1987,chemistry,,3,"""for their development and use of molecules with structure-specific interactions of high selectivity""",University of California,"Los Angeles, CA",USA
269,Charles J.,Pedersen,10/3/1904,10/26/1989,Korea (now South Korea),KR,Pusan,USA,US,"Salem, NJ",male,1987,chemistry,,3,"""for their development and use of molecules with structure-specific interactions of high selectivity""",Du Pont,"Wilmington, DE",USA
59,Edward Mills,Purcell,8/30/1912,3/7/1997,USA,US,"Taylorville, IL",USA,US,"Cambridge, MA",male,1952,physics,,2,"""for their development of new methods for nuclear magnetic precision measurements and discoveries in connection therewith""",Harvard University,"Cambridge, MA",USA
58,Felix,Bloch,10/23/1905,9/10/1983,Switzerland,CH,Zurich,Switzerland,CH,Zurich,male,1952,physics,,2,"""for their development of new methods for nuclear magnetic precision measurements and discoveries in connection therewith""",Stanford University,"Stanford, CA",USA
756,John B.,Fenn,6/15/1917,12/10/2010,USA,US,"New York, NY",USA,US,"Richmond, VA",male,2002,chemistry,"""for the development of methods for identification and structure analyses of biological macromolecules""",4,"""for their development of soft desorption ionisation methods for mass spectrometric analyses of biological macromolecules""",Virginia Commonwealth University,"Richmond, VA",USA
252,Herbert C.,Brown,5/22/1912,12/19/2004,United Kingdom,GB,London,USA,US,"Lafayette, IN",male,1979,chemistry,,2,"""for their development of the use of boron- and phosphorus-containing compounds, respectively, into important reagents in organic synthesis""",Purdue University,"West Lafayette, IN",USA
916,William C.,Campbell,6/28/1930,0000-00-00,Ireland,IE,Ramelton,,,,male,2015,medicine,,4,"""for their discoveries concerning a novel therapy against infections caused by roundworm parasites""",Drew University,"Madison, NJ",USA
750,Sydney,Brenner,1/13/1927,0000-00-00,South Africa,ZA,Germiston,,,,male,2002,medicine,,3,"""for their discoveries concerning genetic regulation of organ development and programmed cell death'""",The Molecular Sciences Institute,"Berkeley, CA",USA
751,H. Robert,Horvitz,5/8/1947,0000-00-00,USA,US,"Chicago, IL",,,,male,2002,medicine,,3,"""for their discoveries concerning genetic regulation of organ development and programmed cell death'""",Massachusetts Institute of Technology (MIT),"Cambridge, MA",USA
421,George D.,Snell,12/19/1903,6/6/1996,USA,US,"Bradford, MA",USA,US,"Bar Harbor, ME",male,1980,medicine,,3,"""for their discoveries concerning genetically determined structures on the cell surface that regulate immunological reactions""",Jackson Laboratory,"Bar Harbor, ME",USA
419,Baruj,Benacerraf,10/29/1920,8/2/2011,Venezuela,VE,Caracas,USA,US,"Boston, MA",male,1980,medicine,,3,"""for their discoveries concerning genetically determined structures on the cell surface that regulate immunological reactions""",Harvard Medical School,"Boston, MA",USA
360,Andr_ Fr_d_ric,Cournand,09/24/1895,2/19/1988,France,FR,Paris,USA,US,"Great Barrington, MA",male,1956,medicine,,3,"""for their discoveries concerning heart catheterization and pathological changes in the circulatory system""","Columbia University Division, Cardio-Pulmonary Laboratory, Bellevue Hospital","New York, NY",USA
362,Dickinson W.,Richards,10/30/1895,2/23/1973,USA,US,"Orange, NJ",USA,US,"Lakeville, CT",male,1956,medicine,,3,"""for their discoveries concerning heart catheterization and pathological changes in the circulatory system""",Columbia University,"New York, NY",USA
424,Torsten N.,Wiesel,6/3/1924,0000-00-00,Sweden,SE,Uppsala,,,,male,1981,medicine,,4,"""for their discoveries concerning information processing in the visual system""",Harvard Medical School,"Boston, MA",USA
423,David H.,Hubel,2/27/1926,9/22/2013,Canada,CA,"Windsor, ON",USA,US,"Lincoln, MA",male,1981,medicine,,4,"""for their discoveries concerning information processing in the visual system""",Harvard Medical School,"Boston, MA",USA
328,William Parry,Murphy,02/06/1892,10/9/1987,USA,US,"Stoughton, WI",USA,US,"Brookline, MA",male,1934,medicine,,3,"""for their discoveries concerning liver therapy in cases of anaemia""",Peter Brent Brigham Hospital,"Boston, MA",USA
327,George Richards,Minot,12/02/1885,2/25/1950,USA,US,"Boston, MA",USA,US,"Brookline, MA",male,1934,medicine,,3,"""for their discoveries concerning liver therapy in cases of anaemia""",Harvard University,"Cambridge, MA",USA
328,William Parry,Murphy,02/06/1892,10/9/1987,USA,US,"Stoughton, WI",USA,US,"Brookline, MA",male,1934,medicine,,3,"""for their discoveries concerning liver therapy in cases of anaemia""",Harvard University,"Cambridge, MA",USA
326,George Hoyt,Whipple,08/28/1878,2/1/1976,USA,US,"Ashland, NH",USA,US,"Rochester, NY",male,1934,medicine,,3,"""for their discoveries concerning liver therapy in cases of anaemia""",University of Rochester,"Rochester, NY",USA
764,Paul C.,Lauterbur,5/6/1929,3/27/2007,USA,US,"Sidney, OH",USA,US,"Urbana, IL",male,2003,medicine,,2,"""for their discoveries concerning magnetic resonance imaging""",University of Illinois,"Urbana, IL",USA
410,D. Carleton,Gajdusek,9/9/1923,12/12/2008,USA,US,"Yonkers, NY",Norway,NO,Troms���,male,1976,medicine,,2,"""for their discoveries concerning new mechanisms for the origin and dissemination of infectious diseases""",National Institutes of Health,"Bethesda, MD",USA
409,Baruch S.,Blumberg,7/28/1925,4/5/2011,USA,US,"New York, NY",USA,US,"Moffett Field, CA",male,1976,medicine,,2,"""for their discoveries concerning new mechanisms for the origin and dissemination of infectious diseases""",The Institute for Cancer Research,"Philadelphia, PA",USA
458,Robert F.,Furchgott,6/4/1916,5/19/2009,USA,US,"Charleston, SC",USA,US,"Seattle, WA",male,1998,medicine,,3,"""for their discoveries concerning nitric oxide as a signalling molecule in the cardiovascular system""",SUNY Health Science Center,"Brooklyn, NY",USA
460,Ferid,Murad,9/14/1936,0000-00-00,USA,US,"Whiting, IN",,,,male,1998,medicine,,3,"""for their discoveries concerning nitric oxide as a signalling molecule in the cardiovascular system""",University of Texas Medical School at Houston,"Houston, TX",USA
459,Louis J.,Ignarro,5/31/1941,0000-00-00,USA,US,"Brooklyn, NY",,,,male,1998,medicine,,3,"""for their discoveries concerning nitric oxide as a signalling molecule in the cardiovascular system""",University of California School of Medicine,"Los Angeles, CA",USA
442,Joseph E.,Murray,4/1/1919,11/26/2012,USA,US,"Milford, MA",USA,US,"Boston, MA",male,1990,medicine,,2,"""for their discoveries concerning organ and cell transplantation in the treatment of human disease""",Brigham and Women's Hospital,"Boston, MA",USA
443,E. Donnall,Thomas,3/15/1920,10/20/2012,USA,US,"Mart, TX",USA,US,"Seattle, WA",male,1990,medicine,,2,"""for their discoveries concerning organ and cell transplantation in the treatment of human disease""",Fred Hutchinson Cancer Research Center,"Seattle, WA",USA
447,Edwin G.,Krebs,6/6/1918,12/21/2009,USA,US,"Lansing, IA",USA,US,"Seattle, WA",male,1992,medicine,,2,"""for their discoveries concerning reversible protein phosphorylation as a biological regulatory mechanism""",University of Washington,"Seattle, WA",USA
446,Edmond H.,Fischer,4/6/1920,0000-00-00,China,CN,Shanghai,,,,male,1992,medicine,,2,"""for their discoveries concerning reversible protein phosphorylation as a biological regulatory mechanism""",University of Washington,"Seattle, WA",USA
723,Paul,Greengard,12/11/1925,0000-00-00,USA,US,"New York, NY",,,,male,2000,medicine,,3,"""for their discoveries concerning signal transduction in the nervous system""",Rockefeller University,"New York, NY",USA
724,Eric R.,Kandel,11/7/1929,0000-00-00,Austria,AT,Vienna,,,,male,2000,medicine,,3,"""for their discoveries concerning signal transduction in the nervous system""",Columbia University,"New York, NY",USA
861,Bruce A.,Beutler,12/29/1957,0000-00-00,USA,US,"Chicago, IL",,,,male,2011,medicine,,4,"""for their discoveries concerning the activation of innate immunity""",University of Texas Southwestern Medical Center at Dallas,"Dallas, TX",USA
861,Bruce A.,Beutler,12/29/1957,0000-00-00,USA,US,"Chicago, IL",,,,male,2011,medicine,,4,"""for their discoveries concerning the activation of innate immunity""",The Scripps Research Institute,"La Jolla, CA",USA
398,Gerald M.,Edelman,7/1/1929,5/17/2014,USA,US,"New York, NY",USA,US,"La Jolla, CA",male,1972,medicine,,2,"""for their discoveries concerning the chemical structure of antibodies""",Rockefeller University,"New York, NY",USA
452,Edward B.,Lewis,5/19/1918,7/21/2004,USA,US,"Wilkes-Barre, PA",USA,US,"Pasadena, CA",male,1995,medicine,,3,"""for their discoveries concerning the genetic control of early embryonic development""",California Institute of Technology (Caltech),"Pasadena, CA",USA
454,Eric F.,Wieschaus,6/8/1947,0000-00-00,USA,US,"South Bend, IN",,,,male,1995,medicine,,3,"""for their discoveries concerning the genetic control of early embryonic development""",Princeton University,"Princeton, NJ",USA
396,Julius,Axelrod,5/30/1912,12/29/2004,USA,US,"New York, NY",USA,US,"Rockville, MD",male,1970,medicine,,3,"""for their discoveries concerning the humoral transmittors in the nerve terminals and the mechanism for their storage, release and inactivation""",National Institutes of Health,"Bethesda, MD",USA
406,David,Baltimore,3/7/1938,0000-00-00,USA,US,"New York, NY",,,,male,1975,medicine,,3,"""for their discoveries concerning the interaction between tumour viruses and the genetic material of the cell""",Massachusetts Institute of Technology (MIT),"Cambridge, MA",USA
408,Howard Martin,Temin,12/10/1934,2/9/1994,USA,US,"Philadelphia, PA",USA,US,"Madison, WI",male,1975,medicine,,3,"""for their discoveries concerning the interaction between tumour viruses and the genetic material of the cell""",University of Wisconsin,"Madison, WI",USA
378,Konrad,Bloch,1/21/1912,10/15/2000,Germany (now Poland),PL,Neisse (now Nysa),USA,US,"Burlington, MA",male,1964,medicine,,2,"""for their discoveries concerning the mechanism and regulation of the cholesterol and fatty acid metabolism""",Harvard University,"Cambridge, MA",USA
373,James Dewey,Watson,4/6/1928,0000-00-00,USA,US,"Chicago, IL",,,,male,1962,medicine,,3,"""for their discoveries concerning the molecular structure of nucleic acids and its significance for information transfer in living material""",Harvard University,"Cambridge, MA",USA
412,Andrew V.,Schally,11/30/1926,0000-00-00,Poland (now Lithuania),LT,Wilno (now Vilnius),,,,male,1977,medicine,,4,"""for their discoveries concerning the peptide hormone production of the brain""",Veterans Administration Hospital,"New Orleans, LA",USA
411,Roger,Guillemin,1/11/1924,0000-00-00,France,FR,Dijon,,,,male,1977,medicine,,4,"""for their discoveries concerning the peptide hormone production of the brain""",The Salk Institute,"San Diego, CA",USA
387,George,Wald,11/18/1906,4/12/1997,USA,US,"New York, NY",USA,US,"Cambridge, MA",male,1967,medicine,,3,"""for their discoveries concerning the primary physiological and chemical visual processes in the eye""",Harvard University,"Cambridge, MA",USA
386,Haldan Keffer,Hartline,12/22/1903,3/17/1983,USA,US,"Bloomsburg, PA",USA,US,"Fallston, MD",male,1967,medicine,,3,"""for their discoveries concerning the primary physiological and chemical visual processes in the eye""",Rockefeller University,"New York, NY",USA
433,Joseph L.,Goldstein,4/18/1940,0000-00-00,USA,US,"Sumter, SC",,,,male,1985,medicine,,2,"""for their discoveries concerning the regulation of cholesterol metabolism""",University of Texas Southwestern Medical Center at Dallas,"Dallas, TX",USA
432,Michael S.,Brown,4/13/1941,0000-00-00,USA,US,"New York, NY",,,,male,1985,medicine,,2,"""for their discoveries concerning the regulation of cholesterol metabolism""",University of Texas Southwestern Medical Center at Dallas,"Dallas, TX",USA
393,Salvador E.,Luria,8/13/1912,2/6/1991,Italy,IT,Torino,USA,US,"Lexington, MA",male,1969,medicine,,3,"""for their discoveries concerning the replication mechanism and the genetic structure of viruses""",Massachusetts Institute of Technology (MIT),"Cambridge, MA",USA
392,Alfred D.,Hershey,12/4/1908,5/22/1997,USA,US,"Owosso, MI",USA,US,"Syosset, NY",male,1969,medicine,,3,"""for their discoveries concerning the replication mechanism and the genetic structure of viruses""",Carnegie Institution of Washington,"Long Island, New York, NY",USA
391,Max,Delbr���ck,9/4/1906,3/9/1981,Germany,DE,Berlin,USA,US,"Pasadena, CA",male,1969,medicine,,3,"""for their discoveries concerning the replication mechanism and the genetic structure of viruses""",California Institute of Technology (Caltech),"Pasadena, CA",USA
455,Peter C.,Doherty,10/15/1940,0000-00-00,Australia,AU,Brisbane,,,,male,1996,medicine,,2,"""for their discoveries concerning the specificity of the cell mediated immune defence""",St. Jude Children's Research Hospital,"Memphis, TN",USA
405,George E.,Palade,11/19/1912,10/7/2008,Romania,RO,Iasi,USA,US,"Del Mar, CA",male,1974,medicine,,3,"""for their discoveries concerning the structural and functional organization of the cell""","Yale University, School of Medicine","New Haven, CT",USA
404,Christian,de Duve,10/2/1917,5/4/2013,United Kingdom,GB,Thames Ditton,Belgium,BE,Nethen,male,1974,medicine,,3,"""for their discoveries concerning the structural and functional organization of the cell""",Rockefeller University,"New York, NY",USA
212,Edwin Mattison,McMillan,9/18/1907,9/7/1991,USA,US,"Redondo Beach, CA",USA,US,"El Cerrito, CA",male,1951,chemistry,,2,"""for their discoveries in the chemistry of the transuranium elements""",University of California,"Berkeley, CA",USA
213,Glenn Theodore,Seaborg,4/19/1912,2/25/1999,USA,US,"Ishpeming, MI",USA,US,"Lafayette, CA",male,1951,chemistry,,2,"""for their discoveries in the chemistry of the transuranium elements""",University of California,"Berkeley, CA",USA
434,Stanley,Cohen,11/17/1922,0000-00-00,USA,US,"Brooklyn, NY",,,,male,1986,medicine,,2,"""for their discoveries of growth factors""",Vanderbilt University School of Medicine,"Nashville, TN",USA
439,George H.,Hitchings,4/18/1905,2/27/1998,USA,US,"Hoquiam, WA",USA,US,"Chapel Hill, NC",male,1988,medicine,,3,"""for their discoveries of important principles for drug treatment""",Wellcome Research Laboratories,"Research Triangle Park, NC",USA
735,Leland H.,Hartwell,10/30/1939,0000-00-00,USA,US,"Los Angeles, CA",,,,male,2001,medicine,,3,"""for their discoveries of key regulators of the cell cycle""",Fred Hutchinson Cancer Research Center,"Seattle, WA",USA
885,Randy W.,Schekman,12/30/1948,0000-00-00,USA,US,"St. Paul, MN",,,,male,2013,medicine,,3,"""for their discoveries of machinery regulating vesicle traffic, a major transport system in our cells""",University of California,"Berkeley, CA",USA
884,James E.,Rothman,11/3/1950,0000-00-00,USA,US,"Haverhill, MA",,,,male,2013,medicine,,3,"""for their discoveries of machinery regulating vesicle traffic, a major transport system in our cells""",Yale University,"New Haven, CT",USA
886,Thomas C.,S���dhof,12/22/1955,0000-00-00,Germany,DE,G_ttingen,,,,male,2013,medicine,,3,"""for their discoveries of machinery regulating vesicle traffic, a major transport system in our cells""",Stanford University,"Stanford, CA",USA
774,Richard,Axel,7/2/1946,0000-00-00,USA,US,"New York, NY",,,,male,2004,medicine,,2,"""for their discoveries of odorant receptors and the organization of the olfactory system""",Columbia University,"New York, NY",USA
813,Oliver,Smithies,6/23/1925,0000-00-00,United Kingdom,GB,Halifax,,,,male,2007,medicine,,3,"""for their discoveries of principles for introducing specific gene modifications in mice by the use of embryonic stem cells""",University of North Carolina,"Chapel Hill, NC",USA
811,Mario R.,Capecchi,10/6/1937,0000-00-00,Italy,IT,Verona,,,,male,2007,medicine,,3,"""for their discoveries of principles for introducing specific gene modifications in mice by the use of embryonic stem cells""",University of Utah,"Salt Lake City, UT",USA
448,Richard J.,Roberts,9/6/1943,0000-00-00,United Kingdom,GB,Derby,,,,male,1993,medicine,,2,"""for their discoveries of split genes""",New England Biolabs,"Beverly, MA",USA
449,Phillip A.,Sharp,6/6/1944,0000-00-00,USA,US,"Falmouth, KY",,,,male,1993,medicine,,2,"""for their discoveries of split genes""","Massachusetts Institute of Technology (MIT), Center for Cancer Research","Cambridge, MA",USA
338,Herbert Spencer,Gasser,07/05/1888,5/11/1963,USA,US,"Platteville, WI",USA,US,"New York, NY",male,1944,medicine,,2,"""for their discoveries relating to the highly differentiated functions of single nerve fibres""",Rockefeller Institute for Medical Research,"New York, NY",USA
337,Joseph,Erlanger,01/05/1874,12/5/1965,USA,US,"San Francisco, CA",USA,US,"St. Louis, MO",male,1944,medicine,,2,"""for their discoveries relating to the highly differentiated functions of single nerve fibres""",Washington University,"St. Louis, MO",USA
349,Edward Calvin,Kendall,03/08/1886,5/4/1972,USA,US,"South Norwalk, CT",USA,US,"Princeton, NJ",male,1950,medicine,,3,"""for their discoveries relating to the hormones of the adrenal cortex, their structure and biological effects""",Mayo Clinic,"Rochester, MN",USA
351,Philip Showalter,Hench,02/28/1896,3/30/1965,USA,US,"Pittsburgh, PA",Jamaica,JM,Ocho Rios,male,1950,medicine,,3,"""for their discoveries relating to the hormones of the adrenal cortex, their structure and biological effects""",Mayo Clinic,"Rochester, MN",USA
156,Horst L.,St_rmer,4/6/1949,0000-00-00,West Germany (now Germany),DE,Frankfurt-on-the-Main,,,,male,1998,physics,,3,"""for their discovery of a new form of quantum fluid with fractionally charged excitations""",Columbia University,"New York, NY",USA
157,Daniel C.,Tsui,2/28/1939,0000-00-00,China,CN,Henan,,,,male,1998,physics,,3,"""for their discovery of a new form of quantum fluid with fractionally charged excitations""",Princeton University,"Princeton, NJ",USA
155,Robert B.,Laughlin,11/1/1950,0000-00-00,USA,US,"Visalia, CA",,,,male,1998,physics,,3,"""for their discovery of a new form of quantum fluid with fractionally charged excitations""",Stanford University,"Stanford, CA",USA
274,Thomas R.,Cech,12/8/1947,0000-00-00,USA,US,"Chicago, IL",,,,male,1989,chemistry,,2,"""for their discovery of catalytic properties of RNA""",University of Colorado,"Boulder, CO",USA
273,Sidney,Altman,5/7/1939,0000-00-00,Canada,CA,Montreal,,,,male,1989,chemistry,,2,"""for their discovery of catalytic properties of RNA""",Yale University,"New Haven, CT",USA
111,Arno Allan,Penzias,4/26/1933,0000-00-00,Germany,DE,Munich,,,,male,1978,physics,,4,"""for their discovery of cosmic microwave background radiation""",Bell Laboratories,"Holmdel, NJ",USA
112,Robert Woodrow,Wilson,1/10/1936,0000-00-00,USA,US,"Houston, TX",,,,male,1978,physics,,4,"""for their discovery of cosmic microwave background radiation""",Bell Laboratories,"Holmdel, NJ",USA
284,Robert F.,Curl Jr.,8/23/1933,0000-00-00,USA,US,"Alice, TX",,,,male,1996,chemistry,,3,"""for their discovery of fullerenes""",Rice University,"Houston, TX",USA
286,Richard E.,Smalley,6/6/1943,10/28/2005,USA,US,"Akron, OH",USA,US,"Houston, TX",male,1996,chemistry,,3,"""for their discovery of fullerenes""",Rice University,"Houston, TX",USA
450,Alfred G.,Gilman,7/1/1941,12/23/2015,USA,US,"New Haven, CT",USA,US,"Dallas, TX",male,1994,medicine,,2,"""for their discovery of G-proteins and the role of these proteins in signal transduction in cells""",University of Texas Southwestern Medical Center at Dallas,"Dallas, TX",USA
451,Martin,Rodbell,12/1/1925,12/7/1998,USA,US,"Baltimore, MD",USA,US,"Chapel Hill, NC",male,1994,medicine,,2,"""for their discovery of G-proteins and the role of these proteins in signal transduction in cells""",National Institute of Environmental Health Sciences,"Research Triangle Park, NC",USA
802,Andrew Z.,Fire,4/27/1959,0000-00-00,USA,US,"Stanford, CA",,,,male,2006,medicine,,2,"""for their discovery of RNA interference - gene silencing by double-stranded RNA""",Stanford University School of Medicine,"Stanford, CA",USA
803,Craig C.,Mello,10/19/1960,0000-00-00,USA,US,"New Haven, CT",,,,male,2006,medicine,,2,"""for their discovery of RNA interference - gene silencing by double-stranded RNA""",University of Massachusetts Medical School,"Worcester, MA",USA
149,David M.,Lee,1/20/1931,0000-00-00,USA,US,"Rye, NY",,,,male,1996,physics,,3,"""for their discovery of superfluidity in helium-3""",Cornell University,"Ithaca, NY",USA
151,Robert C.,Richardson,6/26/1937,2/19/2013,USA,US,"Washington, DC",USA,US,"Ithaca, NY",male,1996,physics,,3,"""for their discovery of superfluidity in helium-3""",Cornell University,"Ithaca, NY",USA
150,Douglas D.,Osheroff,8/1/1945,0000-00-00,USA,US,"Aberdeen, WA",,,,male,1996,physics,,3,"""for their discovery of superfluidity in helium-3""",Stanford University,"Stanford, CA",USA
357,Thomas Huckle,Weller,6/15/1915,8/23/2008,USA,US,"Ann Arbor, MI",USA,US,"Needham, MA",male,1954,medicine,,3,"""for their discovery of the ability of poliomyelitis viruses to grow in cultures of various types of tissue""","Research Division of Infectious Diseases, Children's Medical Center","Boston, MA",USA
356,John Franklin,Enders,02/10/1897,9/8/1985,USA,US,"West Hartford, CT",USA,US,"Waterford, CT",male,1954,medicine,,3,"""for their discovery of the ability of poliomyelitis viruses to grow in cultures of various types of tissue""",Harvard Medical School,"Boston, MA",USA
356,John Franklin,Enders,02/10/1897,9/8/1985,USA,US,"West Hartford, CT",USA,US,"Waterford, CT",male,1954,medicine,,3,"""for their discovery of the ability of poliomyelitis viruses to grow in cultures of various types of tissue""","Research Division of Infectious Diseases, Children's Medical Center","Boston, MA",USA
358,Frederick Chapman,Robbins,8/25/1916,8/4/2003,USA,US,"Auburn, AL",USA,US,"Cleveland, OH",male,1954,medicine,,3,"""for their discovery of the ability of poliomyelitis viruses to grow in cultures of various types of tissue""",Western Reserve University,"Cleveland, OH",USA
72,Emilio Gino,Segr���,2/1/1905,4/22/1989,Italy,IT,Tivoli,USA,US,"Lafayette, CA",male,1959,physics,,2,"""for their discovery of the antiproton""",University of California,"Berkeley, CA",USA
73,Owen,Chamberlain,7/10/1920,2/28/2006,USA,US,"San Francisco, CA",USA,US,"Berkeley, CA",male,1959,physics,,2,"""for their discovery of the antiproton""",University of California,"Berkeley, CA",USA
805,George F.,Smoot,2/20/1945,0000-00-00,USA,US,"Yukon, FL",,,,male,2006,physics,,2,"""for their discovery of the blackbody form and anisotropy of the cosmic microwave background radiation""",University of California,"Berkeley, CA",USA
804,John C.,Mather,8/7/1946,0000-00-00,USA,US,"Roanoke, VA",,,,male,2006,physics,,2,"""for their discovery of the blackbody form and anisotropy of the cosmic microwave background radiation""",NASA Goddard Space Flight Center,"Greenbelt, MD",USA
440,J. Michael,Bishop,2/22/1936,0000-00-00,USA,US,"York, PA",,,,male,1989,medicine,,2,"""for their discovery of the cellular origin of retroviral oncogenes""",University of California School of Medicine,"San Francisco, CA",USA
441,Harold E.,Varmus,12/18/1939,0000-00-00,USA,US,"Oceanside, NY",,,,male,1989,medicine,,2,"""for their discovery of the cellular origin of retroviral oncogenes""",University of California School of Medicine,"San Francisco, CA",USA
343,Carl Ferdinand,Cori,12/05/1896,10/20/1984,Austria-Hungary (now Czech Republic),CZ,Prague,USA,US,"Cambridge, MA",male,1947,medicine,,4,"""for their discovery of the course of the catalytic conversion of glycogen""",Washington University,"St. Louis, MO",USA
367,Severo,Ochoa,9/24/1905,11/1/1993,Spain,ES,Luarca,Spain,ES,Madrid,male,1959,medicine,,2,"""for their discovery of the mechanisms in the biological synthesis of ribonucleic acid and deoxyribonucleic acid""","New York University, College of Medicine","New York, NY",USA
368,Arthur,Kornberg,3/3/1918,10/26/2007,USA,US,"Brooklyn, NY",USA,US,"Stanford, CA",male,1959,medicine,,2,"""for their discovery of the mechanisms in the biological synthesis of ribonucleic acid and deoxyribonucleic acid""",Stanford University,"Stanford, CA",USA
365,Edward Lawrie,Tatum,12/14/1909,11/5/1975,USA,US,"Boulder, CO",USA,US,"New York, NY",male,1958,medicine,,4,"""for their discovery that genes act by regulating definite chemical events""",Rockefeller Institute for Medical Research,"New York, NY",USA
364,George Wells,Beadle,10/22/1903,6/9/1989,USA,US,"Wahoo, NE",USA,US,"Pomona, CF",male,1958,medicine,,4,"""for their discovery that genes act by regulating definite chemical events""",California Institute of Technology (Caltech),"Pasadena, CA",USA
287,Paul D.,Boyer,7/31/1918,0000-00-00,USA,US,"Provo, UT",,,,male,1997,chemistry,,4,"""for their elucidation of the enzymatic mechanism underlying the synthesis of adenosine triphosphate (ATP)""",University of California,"Los Angeles, CA",USA
894,Eugene F.,Fama,2/14/1939,0000-00-00,USA,US,"Boston, MA",,,,male,2013,economics,,3,"""for their empirical analysis of asset prices""",University of Chicago,"Chicago, IL",USA
895,Lars Peter,Hansen,10/26/1952,0000-00-00,USA,US,"Urbana, IL",,,,male,2013,economics,,3,"""for their empirical analysis of asset prices""",University of Chicago,"Chicago, IL",USA
896,Robert J.,Shiller,3/29/1946,0000-00-00,USA,US,"Detroit, MI",,,,male,2013,economics,,3,"""for their empirical analysis of asset prices""",Yale University,"New Haven, CT",USA
872,Thomas J.,Sargent,7/19/1943,0000-00-00,USA,US,"Pasadena, CA",,,,male,2011,economics,,2,"""for their empirical research on cause and effect in the macroeconomy""",New York University,"New York, NY",USA
873,Christopher A.,Sims,10/21/1942,0000-00-00,USA,US,"Washington, DC",,,,male,2011,economics,,2,"""for their empirical research on cause and effect in the macroeconomy""",Princeton University,"Princeton, NJ",USA
98,Ivar,Giaever,4/5/1929,0000-00-00,Norway,NO,Bergen,,,,male,1973,physics,,4,"""for their experimental discoveries regarding tunneling phenomena in semiconductors and superconductors, respectively""",General Electric Company,"Schenectady, NY",USA
97,Leo,Esaki,3/12/1925,0000-00-00,Japan,JP,Osaka,,,,male,1973,physics,,4,"""for their experimental discoveries regarding tunneling phenomena in semiconductors and superconductors, respectively""",IBM Thomas J. Watson Research Center,"Yorktown Heights, NY",USA
44,Clinton Joseph,Davisson,10/22/1881,2/1/1958,USA,US,"Bloomington, IL",USA,US,"Charlottesville, VA",male,1937,physics,,2,"""for their experimental discovery of the diffraction of electrons by crystals""",Bell Telephone Laboratories,"New York, NY",USA
716,William,Vickrey,6/21/1914,10/11/1996,Canada,CA,"Victoria, BC",USA,US,"Harrison, NY",male,1996,economics,,2,"""for their fundamental contributions to the economic theory of incentives under asymmetric information""",Columbia University,"New York, NY",USA
109,John Hasbrouck,van Vleck,03/13/1899,10/27/1980,USA,US,"Middletown, CT",USA,US,"Cambridge, MA",male,1977,physics,,3,"""for their fundamental theoretical investigations of the electronic structure of magnetic and disordered systems""",Harvard University,"Cambridge, MA",USA
107,Philip Warren,Anderson,12/13/1923,0000-00-00,USA,US,"Indianapolis, IN",,,,male,1977,physics,,3,"""for their fundamental theoretical investigations of the electronic structure of magnetic and disordered systems""",Bell Telephone Laboratories,"Murray Hill, NJ",USA
85,Julian,Schwinger,2/12/1918,7/16/1994,USA,US,"New York, NY",USA,US,"Los Angeles, CA",male,1965,physics,,3,"""for their fundamental work in quantum electrodynamics, with deep-ploughing consequences for the physics of elementary particles""",Harvard University,"Cambridge, MA",USA
86,Richard P.,Feynman,5/11/1918,2/15/1988,USA,US,"New York, NY",USA,US,"Los Angeles, CA",male,1965,physics,,3,"""for their fundamental work in quantum electrodynamics, with deep-ploughing consequences for the physics of elementary particles""",California Institute of Technology (Caltech),"Pasadena, CA",USA
390,Marshall W.,Nirenberg,4/10/1927,1/15/2010,USA,US,"New York, NY",USA,US,"New York, NY",male,1968,medicine,,3,"""for their interpretation of the genetic code and its function in protein synthesis""",National Institutes of Health,"Bethesda, MD",USA
388,Robert W.,Holley,1/28/1922,2/11/1993,USA,US,"Urbana, IL",USA,US,"Los Gatos, CA",male,1968,medicine,,3,"""for their interpretation of the genetic code and its function in protein synthesis""",Cornell University,"Ithaca, NY",USA
389,Har Gobind,Khorana,1/9/1922,11/9/2011,India,IN,Raipur,USA,US,"Concord, MA",male,1968,medicine,,3,"""for their interpretation of the genetic code and its function in protein synthesis""",University of Wisconsin,"Madison, WI",USA
96,John Robert,Schrieffer,5/31/1931,0000-00-00,USA,US,"Oak Park, IL",,,,male,1972,physics,,3,"""for their jointly developed theory of superconductivity, usually called the BCS-theory""",University of Pennsylvania,"Philadelphia, PA",USA
95,Leon Neil,Cooper,2/28/1930,0000-00-00,USA,US,"New York, NY",,,,male,1972,physics,,3,"""for their jointly developed theory of superconductivity, usually called the BCS-theory""",Brown University,"Providence, RI",USA
66,John,Bardeen,5/23/1908,1/30/1991,USA,US,"Madison, WI",USA,US,"Boston, MA",male,1972,physics,,3,"""for their jointly developed theory of superconductivity, usually called the BCS-theory""",University of Illinois,"Urbana, IL",USA
262,Herbert A.,Hauptman,2/14/1917,10/23/2011,USA,US,"New York, NY",USA,US,"Buffalo, NY",male,1985,chemistry,,2,"""for their outstanding achievements in the development of direct methods for the determination of crystal structures""",The Medical Foundation of Buffalo,"Buffalo, NY",USA
263,Jerome,Karle,6/18/1918,6/6/2013,USA,US,"New York, NY",,,,male,1985,chemistry,,2,"""for their outstanding achievements in the development of direct methods for the determination of crystal structures""",US Naval Research Laboratory,"Washington, DC",USA
69,Tsung-Dao (T.D.),Lee,11/24/1926,0000-00-00,China,CN,Shanghai,,,,male,1957,physics,,2,"""for their penetrating investigation of the so-called parity laws which has led to important discoveries regarding the elementary particles""",Columbia University,"New York, NY",USA
68,Chen Ning,Yang,9/22/1922,0000-00-00,China,CN,"Hofei, Anhwei",,,,male,1957,physics,,2,"""for their penetrating investigation of the so-called parity laws which has led to important discoveries regarding the elementary particles""",Institute for Advanced Study,"Princeton, NJ",USA
711,John C.,Harsanyi,5/29/1920,8/9/2000,Hungary,HU,Budapest,USA,US,"Berkeley, CA",male,1994,economics,,3,"""for their pioneering analysis of equilibria in the theory of non-cooperative games""",University of California,"Berkeley, CA",USA
712,John F.,Nash Jr.,6/13/1928,5/23/2015,USA,US,"Bluefield, WV",USA,US,"New Jersey, NJ",male,1994,economics,,3,"""for their pioneering analysis of equilibria in the theory of non-cooperative games""",Princeton University,"Princeton, NJ",USA
682,Kenneth J.,Arrow,8/23/1921,0000-00-00,USA,US,"New York, NY",,,,male,1972,economics,,2,"""for their pioneering contributions to general economic equilibrium theory and welfare theory""",Harvard University,"Cambridge, MA",USA
138,Jerome I.,Friedman,3/28/1930,0000-00-00,USA,US,"Chicago, IL",,,,male,1990,physics,,3,"""for their pioneering investigations concerning deep inelastic scattering of electrons on protons and bound neutrons, which have been of essential importance for the development of the quark model in particle physics""",Massachusetts Institute of Technology (MIT),"Cambridge, MA",USA
139,Henry W.,Kendall,12/9/1926,2/15/1999,USA,US,"Boston, MA",USA,US,"Wakulla Springs State Park, FL",male,1990,physics,,3,"""for their pioneering investigations concerning deep inelastic scattering of electrons on protons and bound neutrons, which have been of essential importance for the development of the quark model in particle physics""",Massachusetts Institute of Technology (MIT),"Cambridge, MA",USA
140,Richard E.,Taylor,11/2/1929,0000-00-00,Canada,CA,"Medicine Hat, Alberta",,,,male,1990,physics,,3,"""for their pioneering investigations concerning deep inelastic scattering of electrons on protons and bound neutrons, which have been of essential importance for the development of the quark model in particle physics""",Stanford University,"Stanford, CA",USA
692,Theodore W.,Schultz,4/30/1902,2/26/1998,USA,US,"Arlington, SD",USA,US,"Evanston, IL",male,1979,economics,,2,"""for their pioneering research into economic development research with particular consideration of the problems of developing countries""",University of Chicago,"Chicago, IL",USA
693,Sir Arthur,Lewis,1/23/1915,6/15/1991,British West Indies (now Saint Lucia),LC,Castries,Barbados,BB,Bridgetown,male,1979,economics,,2,"""for their pioneering research into economic development research with particular consideration of the problems of developing countries""",Princeton University,"Princeton, NJ",USA
106,Samuel Chao Chung,Ting,1/27/1936,0000-00-00,USA,US,"Ann Arbor, MI",,,,male,1976,physics,,2,"""for their pioneering work in the discovery of a heavy elementary particle of a new kind""",Massachusetts Institute of Technology (MIT),"Cambridge, MA",USA
105,Burton,Richter,3/22/1931,0000-00-00,USA,US,"Brooklyn, NY",,,,male,1976,physics,,2,"""for their pioneering work in the discovery of a heavy elementary particle of a new kind""",Stanford Linear Accelerator Center,"Stanford, CA",USA
705,Merton H.,Miller,5/16/1923,6/3/2000,USA,US,"Boston, MA",USA,US,"Chicago, IL",male,1990,economics,,3,"""for their pioneering work in the theory of financial economics""",University of Chicago,"Chicago, IL",USA
704,Harry M.,Markowitz,8/24/1927,0000-00-00,USA,US,"Chicago, IL",,,,male,1990,economics,,3,"""for their pioneering work in the theory of financial economics""",City University of New York,"New York, NY",USA
706,William F.,Sharpe,6/16/1934,0000-00-00,USA,US,"Boston, MA",,,,male,1990,economics,,3,"""for their pioneering work in the theory of financial economics""",Stanford University,"Stanford, CA",USA
206,Wendell Meredith,Stanley,8/16/1904,6/15/1971,USA,US,"Ridgeville, IN",Spain,ES,Salamanca,male,1946,chemistry,,4,"""for their preparation of enzymes and virus proteins in a pure form""",Rockefeller Institute for Medical Research,"Princeton, NJ",USA
205,John Howard,Northrop,07/05/1891,5/27/1987,USA,US,"Yonkers, NY",USA,US,"Wickenberg, AZ",male,1946,chemistry,,4,"""for their preparation of enzymes and virus proteins in a pure form""",Rockefeller Institute for Medical Research,"Princeton, NJ",USA
65,William Bradford,Shockley,2/13/1910,8/12/1989,United Kingdom,GB,London,USA,US,"Palo Alto, CA",male,1956,physics,,3,"""for their researches on semiconductors and their discovery of the transistor effect""","Semiconductor Laboratory of Beckman Instruments, Inc.","Mountain View, CA",USA
67,Walter Houser,Brattain,2/10/1902,10/13/1987,China,CN,Amoy,USA,US,"Seattle, WA",male,1956,physics,,3,"""for their researches on semiconductors and their discovery of the transistor effect""",Bell Telephone Laboratories,"Murray Hill, NJ",USA
66,John,Bardeen,5/23/1908,1/30/1991,USA,US,"Madison, WI",USA,US,"Boston, MA",male,1956,physics,,3,"""for their researches on semiconductors and their discovery of the transistor effect""",University of Illinois,"Urbana, IL",USA
258,Roald,Hoffmann,7/18/1937,0000-00-00,Poland (now Ukraine),UA,Zloczov,,,,male,1981,chemistry,,2,"""for their theories, developed independently, concerning the course of chemical reactions""",Cornell University,"Ithaca, NY",USA
282,Mario J.,Molina,3/19/1943,0000-00-00,Mexico,MX,Mexico City,,,,male,1995,chemistry,,3,"""for their work in atmospheric chemistry, particularly concerning the formation and decomposition of ozone""",Massachusetts Institute of Technology (MIT),"Cambridge, MA",USA
283,F. Sherwood,Rowland,6/28/1927,3/10/2012,USA,US,"Delaware, OH",USA,US,"Corona del Mar, CA",male,1995,chemistry,,3,"""for their work in atmospheric chemistry, particularly concerning the formation and decomposition of ozone""",University of California,"Irvine, CA",USA
741,William S.,Knowles,6/1/1917,6/13/2012,USA,US,"Taunton, MA",USA,US,"Chesterfield, MO",male,2001,chemistry,,4,"""for their work on chirally catalysed hydrogenation reactions""",,"St. Louis, MO",USA
929,F. Duncan M.,Haldane,0000/00/00,0000-00-00,United Kingdom,GB,London,,,,male,2016,physics,,4,"""for theoretical discoveries of topological phase transitions and topological phases of matter""",Princeton University,"Princeton, NJ",USA
930,J. Michael,Kosterlitz,0000/00/00,0000-00-00,United Kingdom,GB,Aberdeen,,,,male,2016,physics,,4,"""for theoretical discoveries of topological phase transitions and topological phases of matter""",Brown University,"Providence, RI",USA
928,David J.,Thouless,0000/00/00,0000-00-00,United Kingdom,GB,Bearsden,,,,male,2016,physics,,2,"""for theoretical discoveries of topological phase transitions and topological phases of matter""",University of Washington,"Seattle, WA",USA
175,Theodore William,Richards,01/31/1868,4/2/2028,USA,US,"Germantown, PA",USA,US,"Cambridge, MA",male,1914,chemistry,,1,"""in recognition of his accurate determinations of the atomic weight of a large number of chemical elements""",Harvard University,"Cambridge, MA",USA
306,Alexis,Carrel,06/28/1873,11/5/1944,France,FR,Sainte-Foy-l���s-Lyon,France,FR,Paris,male,1912,medicine,,1,"""in recognition of his work on vascular suture and the transplantation of blood vessels and organs""",Rockefeller Institute for Medical Research,"New York, NY",USA
511,Ralph,Bunche,8/7/1904,12/9/1971,USA,US,"Detroit, MI",USA,US,"New York, NY",male,1950,peace,,1,,Harvard University,"Cambridge, MA",USA
497,Nicholas Murray,Butler,04/02/1862,12/7/1947,USA,US,"Elizabeth, NJ",USA,US,"New York, NY",male,1931,peace,,2,,Columbia University,"New York, NY",USA
217,Linus Carl,Pauling,2/28/1901,8/19/1994,USA,US,"Portland, OR",USA,US,"Big Sur, CA",male,1962,peace,,1,,California Institute of Technology (Caltech),"Pasadena, CA",USA
